{
	"format_version": "1.9.0",
	"credit": "Made with Blockbench",
	"texture_size": [32, 32],
	"textures": {
		"0": "item/glooves/default_gloove",
		"particle": "item/glooves/default_gloove"
	},
	"elements": [
		{
			"from": [7, 1.9, 7.8],
			"to": [7.5, 10.4, 8.3],
			"rotation": {"angle": 0, "axis": "y", "origin": [7, 8.4, 7]},
			"faces": {
				"north": {"uv": [1, 9.5, 1.5, 13.5], "texture": "#0"},
				"east": {"uv": [1.5, 9.5, 2, 13.5], "texture": "#0"},
				"south": {"uv": [2, 9.5, 2.5, 13.5], "texture": "#0"},
				"west": {"uv": [2.5, 9.5, 3, 13.5], "texture": "#0"},
				"up": {"uv": [9, 5, 8.5, 4.5], "texture": "#0"},
				"down": {"uv": [9, 5, 8.5, 5.5], "texture": "#0"}
			}
		},
		{
			"from": [11.65, 11.05, 7.5],
			"to": [16.55, 13.05, 9],
			"rotation": {"angle": -22.5, "axis": "y", "origin": [11.6, 12.05, 8]},
			"faces": {
				"north": {"uv": [6, 2, 8.5, 3], "texture": "#0"},
				"east": {"uv": [9.5, 2, 10.5, 3], "texture": "#0"},
				"south": {"uv": [6, 3, 8.5, 4], "texture": "#0"},
				"west": {"uv": [3, 9.5, 4, 10.5], "texture": "#0"},
				"up": {"uv": [8.5, 5, 6, 4], "texture": "#0"},
				"down": {"uv": [8.5, 5, 6, 6], "texture": "#0"}
			}
		},
		{
			"from": [10.5, 16.9, 7.4],
			"to": [12, 21.8, 9],
			"rotation": {"angle": 22.5, "axis": "x", "origin": [11, 16.85, 8]},
			"faces": {
				"north": {"uv": [6, 6, 7, 8.5], "texture": "#0"},
				"east": {"uv": [0, 7, 1, 9.5], "texture": "#0"},
				"south": {"uv": [1, 7, 2, 9.5], "texture": "#0"},
				"west": {"uv": [2, 7, 3, 9.5], "texture": "#0"},
				"up": {"uv": [10.5, 4, 9.5, 3], "texture": "#0"},
				"down": {"uv": [5, 9.5, 4, 10.5], "texture": "#0"}
			}
		},
		{
			"from": [7.8, 16.9, 7.4],
			"to": [9.3, 21.8, 9],
			"rotation": {"angle": 22.5, "axis": "x", "origin": [8.3, 16.85, 8]},
			"faces": {
				"north": {"uv": [3, 7, 4, 9.5], "texture": "#0"},
				"east": {"uv": [4, 7, 5, 9.5], "texture": "#0"},
				"south": {"uv": [7, 6, 8, 8.5], "texture": "#0"},
				"west": {"uv": [8, 6, 9, 8.5], "texture": "#0"},
				"up": {"uv": [10, 10.5, 9, 9.5], "texture": "#0"},
				"down": {"uv": [11, 0, 10, 1], "texture": "#0"}
			}
		},
		{
			"from": [5.2, 16.9, 7.4],
			"to": [6.7, 21.8, 9],
			"rotation": {"angle": 22.5, "axis": "x", "origin": [5.7, 16.85, 8]},
			"faces": {
				"north": {"uv": [8.5, 2, 9.5, 4.5], "texture": "#0"},
				"east": {"uv": [6, 8.5, 7, 11], "texture": "#0"},
				"south": {"uv": [7, 8.5, 8, 11], "texture": "#0"},
				"west": {"uv": [8, 8.5, 9, 11], "texture": "#0"},
				"up": {"uv": [11, 2, 10, 1], "texture": "#0"},
				"down": {"uv": [11, 4, 10, 5], "texture": "#0"}
			}
		},
		{
			"from": [2.6, 16.9, 7.4],
			"to": [4.1, 21.8, 9],
			"rotation": {"angle": 22.5, "axis": "x", "origin": [3.1, 16.85, 8]},
			"faces": {
				"north": {"uv": [9, 4.5, 10, 7], "texture": "#0"},
				"east": {"uv": [5, 9, 6, 11.5], "texture": "#0"},
				"south": {"uv": [9, 7, 10, 9.5], "texture": "#0"},
				"west": {"uv": [0, 9.5, 1, 12], "texture": "#0"},
				"up": {"uv": [11, 6, 10, 5], "texture": "#0"},
				"down": {"uv": [11, 6, 10, 7], "texture": "#0"}
			}
		},
		{
			"from": [2.5, 9.9, 7.5],
			"to": [12, 16.9, 9],
			"rotation": {"angle": 0, "axis": "y", "origin": [7, 11.9, 7]},
			"faces": {
				"north": {"uv": [0, 0, 5, 3.5], "texture": "#0"},
				"east": {"uv": [5, 2, 6, 5.5], "texture": "#0"},
				"south": {"uv": [0, 3.5, 5, 7], "texture": "#0"},
				"west": {"uv": [5, 5.5, 6, 9], "texture": "#0"},
				"up": {"uv": [10, 1, 5, 0], "texture": "#0"},
				"down": {"uv": [10, 1, 5, 2], "texture": "#0"}
			}
		}
	],
	"display": {
		"thirdperson_righthand": {
			"rotation": [-75.99, -86.22, 9.64],
			"translation": [0, -1.25, 0]
		},
		"thirdperson_lefthand": {
			"rotation": [96.47, -83.68, -174.22],
			"translation": [0.5, -2.75, 0]
		},
		"firstperson_righthand": {
			"rotation": [61.35, -70.44, 122.07],
			"translation": [1.75, 2.75, 1.5]
		},
		"firstperson_lefthand": {
			"rotation": [142.76, -75.75, -161.26],
			"translation": [3.25, 2.75, 1]
		},
		"ground": {
			"rotation": [50.03, 20.3, -92.81]
		},
		"gui": {
			"rotation": [0, -44.5, 41.25]
		},
		"fixed": {
			"rotation": [-168.84, -47.3, -160.13],
			"scale": [3, 3, 3]
		}
	}
}
